id,generated,pred_label,answer_bin,correct
0059830c,0.00619098,0,0,True
005db917,0.0065775807,0,0,True
008f63e3,0.0068165967,0,0,True
00940276,0.005892258,0,0,True
00c39458,0.010186591,0,0,True
00da8c32,0.0059505557,0,0,True
011dc2bc,0.0059490246,0,0,True
01448434,0.0059532076,0,0,True
01c6e176,0.0059795505,0,0,True
0202ddf9,0.007105926,0,0,True
020a5d6d,0.005668618,0,0,True
037352a5,0.022801701,0,0,True
03a3377a,0.009741448,0,0,True
03c28f3e,0.006162382,0,0,True
03cabe10,0.006408289,0,0,True
03ed46ca,0.00863538,0,0,True
03f7c6e9,0.0061686235,0,0,True
04356693,0.006178257,0,0,True
04827a9a,0.0062995693,0,0,True
04b11e85,0.006019435,0,0,True
04da0c54,0.006144344,0,0,True
04effeb0,0.0061119497,0,0,True
05072d8e,0.00601715,0,0,True
05615b6c,0.01617887,0,0,True
05665390,0.0057793916,0,0,True
059c1332,0.007477997,0,0,True
062d11db,0.008852244,0,0,True
06830415,0.0061152447,0,0,True
06a1ad90,0.007258121,0,0,True
06ee2a22,0.006241641,0,0,True
06f90bea,0.04032687,0,0,True
07384ce9,0.026852734,0,0,True
07433107,0.0066759596,0,0,True
079e747c,0.0063564586,0,0,True
07a44007,0.006492863,0,0,True
07de4af7,0.006826796,0,0,True
07e8e63b,0.0066957776,0,0,True
07f7dedb,0.005826027,0,0,True
08157ec0,0.019320708,0,0,True
08a01bc5,0.013601393,0,0,True
08cda63e,0.0067052,0,0,True
0901b3db,0.0059156297,0,0,True
09978576,0.008028242,0,0,True
0a11dfd8,0.008124744,0,0,True
0a13d187,0.0063122017,0,0,True
0a4a6c5b,0.006352611,0,0,True
0a4bc619,0.0061463825,0,0,True
0a529197,0.010990005,0,0,True
0a62093d,0.0058889743,0,0,True
0a8e65ab,0.0067380513,0,0,True
0a9630a4,0.0061443667,0,0,True
0af1d837,0.0069460846,0,0,True
0b004ec7,0.012028678,0,0,True
0b10ee59,0.0074064313,0,0,True
0b1945ec,0.006078666,0,0,True
0b198045,0.005714687,0,0,True
0b3f580c,0.0064510517,0,0,True
0b89ae3e,0.022178447,0,0,True
0bbff1f5,0.0061959904,0,0,True
0bd440a5,0.0061164154,0,0,True
0c5fc9e7,0.0058311857,0,0,True
0c73c177,0.005941111,0,0,True
0cbe426e,0.0061181174,0,0,True
0cfc3580,0.006016394,0,0,True
0d1dd9cf,0.0060197515,0,0,True
0d208d83,0.007894636,0,0,True
0d8b9898,0.0060186875,0,0,True
0d9b0568,0.0061315857,0,0,True
0e03e65c,0.0057739853,0,0,True
0e7ec031,0.0077754287,0,0,True
0f235c4f,0.0059269853,0,0,True
0f8bd702,0.0063190726,0,0,True
10235460,0.011436039,0,0,True
10674384,0.008149015,0,0,True
10f007a0,0.026788097,0,0,True
115bceb1,0.008812113,0,0,True
11619ff1,0.007327955,0,0,True
11892b17,0.005864974,0,0,True
119d35c6,0.011472798,0,0,True
121160b9,0.013399284,0,0,True
1261e212,0.005806954,0,0,True
1299cd27,0.0067900154,0,0,True
12c5160e,0.0059880875,0,0,True
12e92895,0.007562378,0,0,True
130199b7,0.014695554,0,0,True
1341e8d1,0.014948932,0,0,True
134e57ff,0.037934598,0,0,True
134f0445,0.0063115144,0,0,True
135b769a,0.007410814,0,0,True
13a35506,0.006273139,0,0,True
13f3429a,0.006325885,0,0,True
147c66a0,0.0057516587,0,0,True
149867fb,0.0060366457,0,0,True
14e82744,0.0069207675,0,0,True
14fd1521,0.009011737,0,0,True
1539183b,0.0078929365,0,0,True
15eaf968,0.008181774,0,0,True
15f7ea58,0.006971443,0,0,True
162be3e7,0.0061723785,0,0,True
163853c5,0.006219129,0,0,True
1648c117,0.018242206,0,0,True
16652a46,0.005915052,0,0,True
1669258f,0.0060981833,0,0,True
16a0afd8,0.0065219374,0,0,True
16b2bb2b,0.005994528,0,0,True
16d9d064,0.007910134,0,0,True
17177aef,0.10927165,0,0,True
17340273,0.0061027166,0,0,True
175003c6,0.0061838026,0,0,True
1776be2c,0.006636066,0,0,True
1780720a,0.0064483867,0,0,True
17c38d19,0.006009025,0,0,True
17f6638a,0.0058339564,0,0,True
17fd4b1d,0.011815086,0,0,True
182ec0e4,0.0057236133,0,0,True
186231b2,0.005844026,0,0,True
187aa67c,0.0060999,0,0,True
18801dcf,0.015508539,0,0,True
18ba9eda,0.0101011135,0,0,True
18eaa2f8,0.0070500695,0,0,True
18f68659,0.006177672,0,0,True
194d4097,0.011357548,0,0,True
198f74bf,0.006006775,0,0,True
1992c36b,0.008366116,0,0,True
19fb1cce,0.0061466508,0,0,True
1a205da4,0.0064503974,0,0,True
1a2a2034,0.01660159,0,0,True
1a4eba9e,0.0059898077,0,0,True
1a6f8b76,0.0076633324,0,0,True
1a7af311,0.006141523,0,0,True
1ae2e6fe,0.010586685,0,0,True
1af7160f,0.0068042763,0,0,True
1b25a34a,0.0060134237,0,0,True
1b57098f,0.0063269944,0,0,True
1b587a92,0.006007891,0,0,True
1b5b7ee7,0.008956441,0,0,True
1bd359c4,0.0061741862,0,0,True
1c090353,0.007148848,0,0,True
1c338e7a,0.0060880072,0,0,True
1c63fc04,0.0059109204,0,0,True
1c6745d2,0.0061376006,0,0,True
1d16af20,0.006079882,0,0,True
1d1d10fb,0.106024556,0,0,True
1d5fcb28,0.0078094765,0,0,True
1db28341,0.0067141713,0,0,True
1dc898aa,0.005813182,0,0,True
1ddd8e26,0.0059797433,0,0,True
1ded8f5b,0.0073838057,0,0,True
1e0e2a9f,0.009261895,0,0,True
1e9a3c73,0.00600291,0,0,True
1e9afe51,0.0061814818,0,0,True
1ead9853,0.006152065,0,0,True
1ebe7ffe,0.008748502,0,0,True
1ed3e28b,0.0059355604,0,0,True
1f272063,0.0069335764,0,0,True
1f3224ab,0.0059738625,0,0,True
1f41ab17,0.0060584783,0,0,True
1f902ca9,0.0061319983,0,0,True
1f9b2465,0.007964756,0,0,True
1fc7961e,0.007127993,0,0,True
20190395,0.0067495718,0,0,True
203c0fad,0.006158745,0,0,True
2041ea95,0.0059613795,0,0,True
205bfb3b,0.008288372,0,0,True
20a59417,0.0060572606,0,0,True
20c62af5,0.009516124,0,0,True
20e5df00,0.006413249,0,0,True
210cc873,0.0059167426,0,0,True
2129c2a1,0.006590146,0,0,True
212ae7f0,0.01733623,0,0,True
21313307,0.0059698937,0,0,True
213e0109,0.0068352264,0,0,True
2153c231,0.008360174,0,0,True
21a7b29e,0.0074657896,0,0,True
21f409bc,0.006514261,0,0,True
223bbf18,0.0059525194,0,0,True
228035b8,0.42521477,0,0,True
228a014b,0.0061936826,0,0,True
22f65ab6,0.025881236,0,0,True
2309fe60,0.0060986374,0,0,True
230bf706,0.065263145,0,0,True
231ac52f,0.053360946,0,0,True
231d27b0,0.0058802906,0,0,True
232c8c2f,0.010399821,0,0,True
23745610,0.006207343,0,0,True
239b0ed2,0.005707474,0,0,True
23c6054c,0.0062098023,0,0,True
23e54f58,0.009037784,0,0,True
23e99b29,0.019665278,0,0,True
247d63a2,0.0058185114,0,0,True
2480f5c3,0.006155165,0,0,True
2499a7f6,0.0060424455,0,0,True
24fbec45,0.007472991,0,0,True
251ca0df,0.010440587,0,0,True
251d5ce2,0.005908954,0,0,True
2533a9a5,0.006419003,0,0,True
25939bac,0.0062811724,0,0,True
2595fc59,0.010204541,0,0,True
25c0ca47,0.013516734,0,0,True
262ea1a1,0.0059367456,0,0,True
26489251,0.014896116,0,0,True
267cc695,0.006147705,0,0,True
26d2254a,0.00596608,0,0,True
27eaf91f,0.005860611,0,0,True
27ef9738,0.008448538,0,0,True
27fb60f2,0.038785942,0,0,True
284d8bfa,0.009092768,0,0,True
2882df77,0.005851938,0,0,True
28d4b384,0.0063083265,0,0,True
291cea6c,0.0060599428,0,0,True
295dd4ed,0.0062431255,0,0,True
29cc8b5f,0.006043694,0,0,True
2a48dfbb,0.009979438,0,0,True
2a984b63,0.0059144795,0,0,True
2ac6b992,0.008241081,0,0,True
2afacb9b,0.46636468,0,0,True
2bf52db3,0.0064888196,0,0,True
2c543883,0.0057276418,0,0,True
2c760000,0.00687758,0,0,True
2cac6d81,0.007133445,0,0,True
2cd15a38,0.00816399,0,0,True
2ce175d8,0.005682266,0,0,True
2ce71c53,0.006328235,0,0,True
2d56e570,0.0057879137,0,0,True
2d6cbe85,0.00607911,0,0,True
2d91cdc2,0.0057468563,0,0,True
2dbbf604,0.006238288,0,0,True
2e246d83,0.0064533562,0,0,True
2e2966e3,0.0060393014,0,0,True
2e3ff22e,0.006539906,0,0,True
2e445029,0.0065057552,0,0,True
2e8c563c,0.005999883,0,0,True
2f1a72f0,0.00833687,0,0,True
2f216503,0.017841844,0,0,True
2f3c36eb,0.0063665803,0,0,True
2f5062fe,0.0063517895,0,0,True
2f6e8e42,0.0062543154,0,0,True
2f77a63b,0.0058667758,0,0,True
2f9a6eb4,0.013145763,0,0,True
2fe0b1f5,0.0061701643,0,0,True
2ffc8b8f,0.005983242,0,0,True
30181dbc,0.0061446,0,0,True
30309001,0.0060986863,0,0,True
3066fd3d,0.006190232,0,0,True
30873a5a,0.006116259,0,0,True
30da029c,0.0064172028,0,0,True
31691725,0.006260937,0,0,True
317d0afc,0.006166052,0,0,True
318c7ac8,0.013850708,0,0,True
319e1983,0.0062626367,0,0,True
31d00389,0.009542674,0,0,True
31ecbd73,0.012994284,0,0,True
31ff572a,0.009880812,0,0,True
328a6c65,0.005935634,0,0,True
32d18e99,0.0057402966,0,0,True
33451a99,0.01642016,0,0,True
336fd4b0,0.006771701,0,0,True
33853515,0.008095177,0,0,True
33b61c93,0.028746467,0,0,True
341bd6dd,0.0059998035,0,0,True
34340945,0.06141128,0,0,True
343db895,0.0060068835,0,0,True
349156f8,0.006933399,0,0,True
34ac8c1d,0.008767668,0,0,True
34dcf00a,0.0075279213,0,0,True
3551684d,0.006068847,0,0,True
356faec5,0.0061374176,0,0,True
358e658e,0.005981875,0,0,True
35cb12f4,0.005900635,0,0,True
35cdfc71,0.005949106,0,0,True
35db0aa4,0.006469522,0,0,True
366527f4,0.006781631,0,0,True
373c86cc,0.0063119926,0,0,True
3742c234,0.007689601,0,0,True
37eae9ef,0.00586973,0,0,True
382908e0,0.0062541314,0,0,True
382c317b,0.0073284446,0,0,True
382c464d,0.006405533,0,0,True
38370586,0.0057602082,0,0,True
3856bd25,0.0062018684,0,0,True
38641012,0.0063712485,0,0,True
38806fc0,0.011602632,0,0,True
3897446e,0.0061431266,0,0,True
38d14015,0.0059266654,0,0,True
391aa82f,0.010697956,0,0,True
393cf7f9,0.005941849,0,0,True
3953c14e,0.0063312645,0,0,True
39549479,0.0061229933,0,0,True
3999dd50,0.006049497,0,0,True
39a9ae49,0.0063742953,0,0,True
39f52aba,0.0062997723,0,0,True
3a4c655d,0.0099976575,0,0,True
3a9a50b3,0.0066022165,0,0,True
3ae35542,0.0119496025,0,0,True
3b164103,0.009996671,0,0,True
3b3e2446,0.0061370917,0,0,True
3b614a3d,0.0059550903,0,0,True
3b654100,0.01304104,0,0,True
3baf4091,0.0060590785,0,0,True
3bb3ac01,0.006314679,0,0,True
3bb7fe29,0.008819013,0,0,True
3c239e05,0.0074325646,0,0,True
3ccf6a04,0.006905247,0,0,True
3cd66fb5,0.006226463,0,0,True
3d0072b6,0.043846406,0,0,True
3d41c0ca,0.0062181624,0,0,True
3d5340bc,0.0061688316,0,0,True
3d5f1ec0,0.009612012,0,0,True
3d602500,0.006240813,0,0,True
3d75a33b,0.00616,0,0,True
3dabfdd8,0.019446189,0,0,True
3dc28933,0.005793165,0,0,True
3dfb4c6c,0.006743913,0,0,True
3e6daaf4,0.005930462,0,0,True
3e9a827b,0.0059591844,0,0,True
3ea50e49,0.009087132,0,0,True
3ede07a8,0.0062701167,0,0,True
3ee53216,0.010144226,0,0,True
3f024d8f,0.01834724,0,0,True
3f870a8d,0.0065947585,0,0,True
3f8f87d7,0.005963649,0,0,True
3f9152ce,0.006504313,0,0,True
3fa4498e,0.0072984546,0,0,True
3fcefdb7,0.005911814,0,0,True
3fdf1455,0.0067874915,0,0,True
40241e52,0.0060089305,0,0,True
40524218,0.007185908,0,0,True
40d1cb6b,0.006222926,0,0,True
41186382,0.0060684877,0,0,True
413f37dc,0.006208131,0,0,True
4154f75f,0.008064768,0,0,True
418ec8d3,0.0062083905,0,0,True
419f8cd2,0.009436384,0,0,True
41b8d661,0.006002079,0,0,True
4251dcfa,0.0059443284,0,0,True
42537329,0.0061205737,0,0,True
4264a40f,0.006113645,0,0,True
4267fbae,0.0061589726,0,0,True
42dc51d6,0.0059003723,0,0,True
43371786,0.83879685,1,0,False
4348748e,0.019844064,0,0,True
43632957,0.006133399,0,0,True
437bfa2c,0.0061450894,0,0,True
43d45f34,0.018147787,0,0,True
43edf702,0.0063823215,0,0,True
43f2fd5a,0.013035867,0,0,True
44558f42,0.006045651,0,0,True
44a87b40,0.0062268404,0,0,True
44b96e35,0.008871385,0,0,True
44e00070,0.006176791,0,0,True
453b19ac,0.0065409346,0,0,True
456f57a7,0.006242333,0,0,True
457dd6e7,0.006228691,0,0,True
4591c859,0.007424794,0,0,True
462e4e66,0.0071502966,0,0,True
4633fa68,0.0060639107,0,0,True
463ad422,0.007767559,0,0,True
46794ef1,0.012371544,0,0,True
46874b87,0.0059284577,0,0,True
469b495e,0.008745827,0,0,True
469cc85a,0.00648539,0,0,True
470cdcff,0.008000053,0,0,True
47228504,0.0056453953,0,0,True
4726bb04,0.0058535533,0,0,True
47d62873,0.0063416557,0,0,True
47e743a7,0.005966431,0,0,True
481a88c1,0.0071395063,0,0,True
4837dc54,0.012036558,0,0,True
48916aa4,0.0061113127,0,0,True
489d3798,0.0059609753,0,0,True
48c5ad4b,0.015062297,0,0,True
48cd2f1e,0.006923895,0,0,True
4923baba,0.0063177226,0,0,True
497b9797,0.0063044005,0,0,True
4a0e22f0,0.005716091,0,0,True
4a250487,0.040253248,0,0,True
4a8ce886,0.006401049,0,0,True
4afa3393,0.006234278,0,0,True
4affb95d,0.006044281,0,0,True
4b155739,0.0061107744,0,0,True
4b48fe30,0.0060252124,0,0,True
4b6b75b2,0.006143511,0,0,True
4b81d15e,0.006671996,0,0,True
4c4ca9b5,0.014341284,0,0,True
4c8c23e1,0.006225955,0,0,True
4caf795a,0.0058647986,0,0,True
4d03bfef,0.0064591067,0,0,True
4d2bb193,0.006290069,0,0,True
4d7cfbfa,0.006198331,0,0,True
4d7f6111,0.008958735,0,0,True
4d9aba3b,0.006484723,0,0,True
4daed43c,0.0062458804,0,0,True
4e18b362,0.006408401,0,0,True
4e36677a,0.012148481,0,0,True
4e3b5fd4,0.0129052,0,0,True
4e796854,0.0071431273,0,0,True
4e878823,0.0057479623,0,0,True
4e910822,0.007697876,0,0,True
4e911d9d,0.0063734315,0,0,True
4f8601a3,0.0063025695,0,0,True
4fae0f4f,0.054870885,0,0,True
4fc165d6,0.0060240044,0,0,True
50015fcd,0.0061773355,0,0,True
502f9aea,0.0072040935,0,0,True
507d9f93,0.005937457,0,0,True
508c11d5,0.0063286847,0,0,True
5098c1ea,0.007928113,0,0,True
513c576d,0.0061635277,0,0,True
5148c362,0.03628091,0,0,True
515a2cb6,0.0131176105,0,0,True
5174760d,0.0060181087,0,0,True
52152787,0.0066788443,0,0,True
527d106b,0.005898398,0,0,True
52906497,0.0059198984,0,0,True
52fe7d33,0.0057846927,0,0,True
53393dbd,0.006327138,0,0,True
534e6fd0,0.0061717234,0,0,True
5350394f,0.0062047667,0,0,True
53d22c47,0.006073782,0,0,True
53e28f47,0.18409984,0,0,True
540af857,0.0060442043,0,0,True
5412a432,0.007868163,0,0,True
5418f03d,0.005664762,0,0,True
5464f4d5,0.0061411764,0,0,True
5499a934,0.0059674634,0,0,True
551f7de2,0.007799927,0,0,True
553b7a52,0.006190062,0,0,True
553fd04a,0.0060867122,0,0,True
555f9607,0.00604825,0,0,True
558eab79,0.0073934444,0,0,True
5598a0a8,0.0083942665,0,0,True
559df96f,0.0059344918,0,0,True
55a611ad,0.15754876,0,0,True
55ba6cf0,0.0063897283,0,0,True
55bbac4b,0.0066444767,0,0,True
55c182da,0.0062923077,0,0,True
55da60a8,0.005677607,0,0,True
55de0e42,0.006295493,0,0,True
55e8ee7e,0.006427822,0,0,True
55ef0196,0.014450168,0,0,True
5670fb1d,0.0075262515,0,0,True
575e5af1,0.005973712,0,0,True
5765bd43,0.006982517,0,0,True
57b45998,0.006353418,0,0,True
57d84ac0,0.0058833887,0,0,True
58059ff4,0.0071777552,0,0,True
58121ae0,0.005856989,0,0,True
585624b3,0.009518088,0,0,True
586c86a1,0.0060942112,0,0,True
587055e2,0.008389001,0,0,True
59395fb5,0.006345734,0,0,True
59905bc5,0.008486981,0,0,True
59f4a7cf,0.04496814,0,0,True
5a29f673,0.006324135,0,0,True
5a2acdf7,0.005973262,0,0,True
5a3184fb,0.005814491,0,0,True
5a6c9d91,0.005707463,0,0,True
5a810c9d,0.0060213413,0,0,True
5aa35c97,0.016772281,0,0,True
5b1c86a2,0.012049918,0,0,True
5b286cba,0.006115479,0,0,True
5b57999b,0.0062426818,0,0,True
5c2f5c42,0.015781827,0,0,True
5c3e4f99,0.0073234304,0,0,True
5c45240e,0.0062708887,0,0,True
5c641d02,0.0059523387,0,0,True
5c9ad5e6,0.0060673975,0,0,True
5ca3f137,0.0062280563,0,0,True
5cd6a57e,0.0060300804,0,0,True
5ce3dc15,0.0062884595,0,0,True
5d461eb1,0.0060320413,0,0,True
5d63fe39,0.006219804,0,0,True
5d8168fa,0.006045155,0,0,True
5da54e2a,0.006099328,0,0,True
5db11d14,0.008625944,0,0,True
5db48c5e,0.007787088,0,0,True
5e2ea0b8,0.005952409,0,0,True
5e4387ce,0.0066351984,0,0,True
5ea9e48f,0.0057477634,0,0,True
5ecde751,0.0060885986,0,0,True
5ed12378,0.0059073432,0,0,True
5f019f6d,0.0061747185,0,0,True
5f484130,0.0063441955,0,0,True
5f59a150,0.013706788,0,0,True
5f7e2ffd,0.0058021005,0,0,True
5fb1b1be,0.006140746,0,0,True
5fbec113,0.016603498,0,0,True
5fff10f6,0.006694465,0,0,True
600cb108,0.007979176,0,0,True
6046f42f,0.0065836967,0,0,True
6049a24f,0.0065959706,0,0,True
605bf4c2,0.0060164602,0,0,True
60602b59,0.0077818325,0,0,True
606ec542,0.0065766242,0,0,True
607520b5,0.0060680504,0,0,True
60a9ef9e,0.009569829,0,0,True
61789b03,0.006711485,0,0,True
6206d698,0.0060866224,0,0,True
621756d9,0.006221496,0,0,True
62212a49,0.006277061,0,0,True
6224129c,0.0063009514,0,0,True
62426a78,0.009859236,0,0,True
624e199a,0.0057210033,0,0,True
6256a3e5,0.006611994,0,0,True
625f42fd,0.006448631,0,0,True
62b3aee1,0.006156749,0,0,True
62b480e1,0.006016161,0,0,True
62f04245,0.00599654,0,0,True
62f4c5fb,0.025509087,0,0,True
633b4981,0.024695793,0,0,True
6353b2f7,0.010745306,0,0,True
63899ad9,0.005871311,0,0,True
63927e8d,0.0056357244,0,0,True
63a4f67c,0.007415442,0,0,True
63c502d2,0.0059403908,0,0,True
63cdce2d,0.006310778,0,0,True
63e19543,0.0062457975,0,0,True
63feddfa,0.006346847,0,0,True
6400a32c,0.005923177,0,0,True
64259c94,0.006156492,0,0,True
6462cba9,0.018104382,0,0,True
6479d145,0.006149308,0,0,True
648e4235,0.0067095365,0,0,True
6495771f,0.005944951,0,0,True
650843b9,0.00586711,0,0,True
650b3daa,0.013767652,0,0,True
650bdcc3,0.006127951,0,0,True
654fd2b7,0.008649843,0,0,True
657fa970,0.00773824,0,0,True
659d526b,0.006029843,0,0,True
65a07574,0.006242528,0,0,True
65a78e87,0.006214542,0,0,True
65d7951c,0.007077199,0,0,True
6620223c,0.005669228,0,0,True
666737e7,0.0060421703,0,0,True
669e6f61,0.00586354,0,0,True
66b2c283,0.0060385433,0,0,True
66e2c504,0.0057741306,0,0,True
66f909e9,0.0061053666,0,0,True
66fad041,0.0061421283,0,0,True
6749bc36,0.0062247543,0,0,True
6753ce21,0.121792845,0,0,True
6762fd3a,0.0065508704,0,0,True
678b3a6b,0.011565723,0,0,True
67905506,0.0059769806,0,0,True
67b15bec,0.006323212,0,0,True
67c593c8,0.0060599167,0,0,True
67f84ada,0.0062590498,0,0,True
67fe0236,0.0063398588,0,0,True
68147c20,0.0064072753,0,0,True
6842dc76,0.0060793227,0,0,True
684b8b22,0.007980959,0,0,True
685e03b9,0.0059673246,0,0,True
68b02f46,0.010315206,0,0,True
68f437e1,0.005752076,0,0,True
690cc108,0.005761279,0,0,True
691128da,0.005961343,0,0,True
694a48f5,0.108434185,0,0,True
694e6c72,0.006170799,0,0,True
695d8e0f,0.006104395,0,0,True
69af39ca,0.0062219677,0,0,True
69bed3b2,0.0058622113,0,0,True
69d0846b,0.006256666,0,0,True
69e81017,0.006155264,0,0,True
69f4121b,0.0086244475,0,0,True
6a285480,0.006078061,0,0,True
6a359a1b,0.0057099857,0,0,True
6ad38694,0.007138945,0,0,True
6aeed61c,0.006360924,0,0,True
6b0120b3,0.008840492,0,0,True
6b070869,0.02811717,0,0,True
6b1801f6,0.006135699,0,0,True
6b2e1c08,0.0061585116,0,0,True
6b3d3d11,0.007855856,0,0,True
6b46534d,0.0061824485,0,0,True
6bf6c6bb,0.0061902176,0,0,True
6c809c78,0.0062238723,0,0,True
6c98ff7e,0.0064245495,0,0,True
6cad8297,0.010565792,0,0,True
6cc3ab1c,0.0061452696,0,0,True
6ce5f8fb,0.006729485,0,0,True
6cff7fd5,0.020488445,0,0,True
6d193869,0.006205114,0,0,True
6d2d794b,0.0067609204,0,0,True
6e0a24d2,0.007879163,0,0,True
6e163f76,0.0061688838,0,0,True
6e1bbc87,0.005966035,0,0,True
6e5e4f34,0.008521969,0,0,True
6e5ea84e,0.005901463,0,0,True
6e88a706,0.016901962,0,0,True
6ef92dad,0.006294762,0,0,True
6f256fc0,0.006328361,0,0,True
6fc1858d,0.006710271,0,0,True
6ffc4437,0.0062113716,0,0,True
7014633b,0.0058866274,0,0,True
703b70dd,0.0066748154,0,0,True
70cd1937,0.019116828,0,0,True
70d7c567,0.0070269275,0,0,True
70fd5847,0.005752403,0,0,True
71168011,0.0061104153,0,0,True
713d21db,0.0072371927,0,0,True
71756359,0.006828225,0,0,True
71f7131e,0.006695438,0,0,True
720191c2,0.006857994,0,0,True
72603751,0.005991244,0,0,True
7263598b,0.007683956,0,0,True
72d6bfbb,0.005977122,0,0,True
72de1467,0.0059697097,0,0,True
73347b59,0.0063850987,0,0,True
7367863e,0.0063788546,0,0,True
73783cf8,0.00648273,0,0,True
739d1898,0.0077542933,0,0,True
73d94ea3,0.04604502,0,0,True
73e0bd01,0.0058370708,0,0,True
73fceca4,0.006715743,0,0,True
7405b110,0.0059462218,0,0,True
7415762b,0.011142994,0,0,True
741707a9,0.006138433,0,0,True
74280ec3,0.0060659572,0,0,True
74371080,0.0062422734,0,0,True
743e9f23,0.00594043,0,0,True
7458d9c8,0.008897573,0,0,True
745b9080,0.0062223626,0,0,True
7463b396,0.0077203168,0,0,True
7475d6a7,0.0060868617,0,0,True
749032d9,0.0058408575,0,0,True
74a42ef1,0.00648563,0,0,True
74cfd859,0.006671203,0,0,True
74e1349c,0.0065825586,0,0,True
74fad39b,0.019882577,0,0,True
75213c7d,0.018230435,0,0,True
7524fd23,0.007768108,0,0,True
7530e3e4,0.010171429,0,0,True
75383a8e,0.006348856,0,0,True
7578fb27,0.006093827,0,0,True
75794807,0.006324911,0,0,True
75874327,0.0063333646,0,0,True
75973b92,0.006168609,0,0,True
75ab7834,0.0061792675,0,0,True
75c255e3,0.0060660923,0,0,True
75c5636c,0.007714624,0,0,True
76034fd0,0.0063138744,0,0,True
7611ff17,0.0060945256,0,0,True
763f168e,0.005916661,0,0,True
766d1c26,0.006647558,0,0,True
76ac4c02,0.006279506,0,0,True
77bdc4a7,0.0063690604,0,0,True
78030be4,0.006266635,0,0,True
780c39e1,0.0060035274,0,0,True
783256be,0.005958461,0,0,True
78bc587a,0.0062607056,0,0,True
78d38b70,0.005754127,0,0,True
79255ae0,0.0059265923,0,0,True
793bb935,0.0058773533,0,0,True
796c3106,0.037295476,0,0,True
79924dfe,0.0066748215,0,0,True
7997b6e7,0.0063656666,0,0,True
79b93add,0.0055983206,0,0,True
79da99ff,0.0060223513,0,0,True
79f714f8,0.018684333,0,0,True
7a5920b0,0.0062906267,0,0,True
7a7b297d,0.0067968136,0,0,True
7a8c970f,0.006395171,0,0,True
7a962b93,0.013249634,0,0,True
7ac7862e,0.0076985103,0,0,True
7ae2e889,0.005785543,0,0,True
7b03bdee,0.011919025,0,0,True
7b726748,0.0063633774,0,0,True
7b9e799c,0.0059077716,0,0,True
7c104f04,0.0063002612,0,0,True
7c48cf57,0.006117575,0,0,True
7cf9ac79,0.0060421703,0,0,True
7d062c2b,0.005996685,0,0,True
7d6f7666,0.007762188,0,0,True
7d9fa6bd,0.0060707023,0,0,True
7da5e81c,0.0061743967,0,0,True
7dd104f2,0.0061314255,0,0,True
7e063298,0.0072520315,0,0,True
7e1c0cbd,0.010549578,0,0,True
7e5c5f2f,0.005909077,0,0,True
7e5e9ffb,0.0081985695,0,0,True
7e657ec1,0.0061036916,0,0,True
7e8023fb,0.01392243,0,0,True
7e909226,0.006175784,0,0,True
7eb57bec,0.005930622,0,0,True
7ef24744,0.01065043,0,0,True
7ef9689e,0.0059514837,0,0,True
7efd2b92,0.007642897,0,0,True
7f0d4b9b,0.0060261893,0,0,True
7f356326,0.0060798214,0,0,True
7f5cb8b5,0.007529774,0,0,True
7f775f50,0.0064287176,0,0,True
7f84f1a7,0.024564385,0,0,True
7fd66b21,0.008914649,0,0,True
7fdf924a,0.0062832143,0,0,True
8033c676,0.0063980594,0,0,True
8048c61c,0.0068067033,0,0,True
80548231,0.010974685,0,0,True
8059b7f4,0.0058350097,0,0,True
8085e801,0.0071720076,0,0,True
81977e6c,0.005775075,0,0,True
81acef36,0.0061180363,0,0,True
81bb8f1e,0.005817331,0,0,True
81ebce31,0.0058650356,0,0,True
82131f68,0.99211836,1,1,True
82196b38,0.0059259883,0,0,True
828f8762,0.07868684,0,0,True
829e720d,0.0060778507,0,0,True
82a43473,0.0061805295,0,0,True
82bb53f6,0.005854724,0,0,True
82cfed5c,0.007010879,0,0,True
82ed3eab,0.082183175,0,0,True
83585d45,0.0060866135,0,0,True
837b6339,0.0058650547,0,0,True
8390d932,0.007590998,0,0,True
83db5f29,0.0076981927,0,0,True
8414217a,0.0064135133,0,0,True
845a8af0,0.006453515,0,0,True
84e6a412,0.005554161,0,0,True
84ea705b,0.006060184,0,0,True
84fbf660,0.006040532,0,0,True
8519059c,0.006014239,0,0,True
8524c360,0.0061356314,0,0,True
8525c905,0.009226027,0,0,True
85410ec2,0.0065053143,0,0,True
854499ef,0.0060845516,0,0,True
8545f014,0.0066262125,0,0,True
85726ac5,0.005788078,0,0,True
85811631,0.011771424,0,0,True
85a5c9c2,0.0063385163,0,0,True
85b29439,0.009357093,0,0,True
85f8f19f,0.00600435,0,0,True
85f97618,0.008476894,0,0,True
8605b836,0.008592786,0,0,True
8606e0bc,0.007718698,0,0,True
8608381d,0.0063238563,0,0,True
86209d86,0.019607695,0,0,True
8656ffec,0.007920095,0,0,True
867c38f2,0.0062016067,0,0,True
86c74c7e,0.007364393,0,0,True
86fe4f18,0.98430103,1,1,True
87394b51,0.0062596435,0,0,True
876a2523,0.0147802625,0,0,True
8780d07e,0.03883391,0,0,True
87901eed,0.005849719,0,0,True
88220e4d,0.0063055716,0,0,True
8841c96f,0.011656685,0,0,True
884590fd,0.0059556486,0,0,True
885329a4,0.006535291,0,0,True
887ae67a,0.0062692016,0,0,True
88a15627,0.005992153,0,0,True
89226977,0.010082493,0,0,True
8957bae6,0.0058090356,0,0,True
89b19618,0.0059459545,0,0,True
89c49ee9,0.020278465,0,0,True
89cfe848,0.014989163,0,0,True
89ec813f,0.0062500755,0,0,True
8a0ce899,0.058693912,0,0,True
8a471a4a,0.009665093,0,0,True
8a53964d,0.021266717,0,0,True
8a9126df,0.012247544,0,0,True
8ae493f2,0.0058790143,0,0,True
8b0cee45,0.006141823,0,0,True
8baf0811,0.0061920714,0,0,True
8bb38441,0.018072885,0,0,True
8bbe0854,0.006234153,0,0,True
8bc6abda,0.005773619,0,0,True
8be389a6,0.020497017,0,0,True
8c5ba94a,0.0061995676,0,0,True
8c92619c,0.006166578,0,0,True
8c964bb2,0.006421796,0,0,True
8c9f39da,0.006187352,0,0,True
8cab98a9,0.006157117,0,0,True
8ce83065,0.005709536,0,0,True
8d34ca8c,0.0148243,0,0,True
8d81b828,0.0061198343,0,0,True
8d88bbd8,0.0069876574,0,0,True
8dc6d841,0.006022323,0,0,True
8dd606ef,0.006270247,0,0,True
8e4d538f,0.0059344326,0,0,True
8e5d1b2a,0.008122384,0,0,True
8e65cea9,0.0058908393,0,0,True
8ea4ad77,0.0062664663,0,0,True
8ed5b866,0.0059270556,0,0,True
8f0416e8,0.006043207,0,0,True
8f357344,0.0061936565,0,0,True
8f89a4be,0.0060590785,0,0,True
8fae2697,0.0064654285,0,0,True
8fc3393d,0.007906076,0,0,True
8fd9033c,0.0060571376,0,0,True
8feb5983,0.0059556435,0,0,True
8fef4536,0.011232072,0,0,True
8ff3c55e,0.006007339,0,0,True
909637a6,0.005810909,0,0,True
90c014d0,0.0062452857,0,0,True
90c0a8df,0.011070505,0,0,True
90dd4779,0.006431179,0,0,True
90dda81b,0.006232597,0,0,True
9124e664,0.009767836,0,0,True
91763ded,0.0061290115,0,0,True
91e523a5,0.0066712787,0,0,True
920554ab,0.0061819153,0,0,True
920c2732,0.023809263,0,0,True
921654a9,0.006315732,0,0,True
921d3574,0.0063208155,0,0,True
922a1650,0.0059310943,0,0,True
927e9977,0.0064895325,0,0,True
92d20f64,0.006477453,0,0,True
92d2d691,0.006222867,0,0,True
9332774c,0.009961081,0,0,True
934b4465,0.010125999,0,0,True
9354fb19,0.006821819,0,0,True
937522be,0.013150287,0,0,True
9382bcfa,0.006845343,0,0,True
938da0fe,0.020360705,0,0,True
93911d43,0.0067500356,0,0,True
939fa264,0.006771194,0,0,True
93a3dcf8,0.51937383,1,0,False
94044ae2,0.0060478486,0,0,True
9441e668,0.008255482,0,0,True
945de5f3,0.0058929175,0,0,True
947b8cca,0.018833648,0,0,True
948d0f4b,0.005946949,0,0,True
94a006b3,0.017797612,0,0,True
94d6b27c,0.0065633166,0,0,True
94e15d84,0.0065489803,0,0,True
9537400e,0.0071579344,0,0,True
95a7a675,0.014835063,0,0,True
95d41c3e,0.008205308,0,0,True
95fafda4,0.0059160977,0,0,True
961d4ea9,0.03764367,0,0,True
9667a11d,0.017498136,0,0,True
966b2454,0.0060969987,0,0,True
9674a0c4,0.0063147447,0,0,True
96827105,0.0067029363,0,0,True
9707b97c,0.026013585,0,0,True
971a3815,0.012969429,0,0,True
9736e586,0.0059651416,0,0,True
97525641,0.009654493,0,0,True
97837c4e,0.01668666,0,0,True
979662d0,0.010906252,0,0,True
97bbf1ce,0.0059675286,0,0,True
97d24cb5,0.006374733,0,0,True
97e70fa4,0.00601323,0,0,True
9822572d,0.021059586,0,0,True
982966d0,0.006096236,0,0,True
98c25593,0.0064295647,0,0,True
98e4b8f8,0.00577743,0,0,True
9926ba6f,0.00600289,0,0,True
99306fd7,0.00613576,0,0,True
993b117d,0.016592648,0,0,True
9955b24c,0.005995108,0,0,True
997fadd7,0.051439986,0,0,True
99a76936,0.0062319357,0,0,True
9a7bb4ac,0.005844841,0,0,True
9a85011d,0.0066052885,0,0,True
9ae1aa94,0.007743924,0,0,True
9aeb2766,0.033270627,0,0,True
9b24ed72,0.0099327415,0,0,True
9b43fd10,0.008696803,0,0,True
9b753df1,0.10033104,0,0,True
9b7bf56a,0.0075341198,0,0,True
9b7c31e7,0.006404,0,0,True
9bd765d3,0.013671693,0,0,True
9ca473ca,0.006561572,0,0,True
9ca8602a,0.007241058,0,0,True
9cc2d8df,0.006220753,0,0,True
9cceb571,0.006110795,0,0,True
9cf17956,0.03547352,0,0,True
9cf53db9,0.032264397,0,0,True
9d230a78,0.0056757554,0,0,True
9d266bfd,0.015510381,0,0,True
9d3a9a2c,0.005812901,0,0,True
9d878bc1,0.015783738,0,0,True
9dbd5eae,0.012773377,0,0,True
9dc5efb4,0.005824414,0,0,True
9df99b46,0.0059820367,0,0,True
9e132522,0.0070637413,0,0,True
9e7b420d,0.0059124925,0,0,True
9ec053c0,0.00571229,0,0,True
9ec29a28,0.09094567,0,0,True
9eef0839,0.0062815268,0,0,True
9f345348,0.0058917,0,0,True
9f45f83a,0.007983598,0,0,True
9f9af133,0.006223082,0,0,True
9fcd2d02,0.0064295526,0,0,True
a002a6ef,0.008511987,0,0,True
a01b9d00,0.0061937915,0,0,True
a01ee7e7,0.006478484,0,0,True
a09bc43c,0.0060875285,0,0,True
a0a6bf23,0.005846986,0,0,True
a0b6c998,0.018589491,0,0,True
a0d26ca2,0.006183055,0,0,True
a0e37d2c,0.005724045,0,0,True
a0fa9be5,0.006572162,0,0,True
a12db4d7,0.0057932665,0,0,True
a130e934,0.006222693,0,0,True
a15c21cf,0.006303857,0,0,True
a1800618,0.0059072063,0,0,True
a1939e1f,0.0060005323,0,0,True
a1b43308,0.006220968,0,0,True
a1bfbd12,0.0064806696,0,0,True
a1ff36b0,0.012939784,0,0,True
a20be030,0.005894264,0,0,True
a23c6a2c,0.012451318,0,0,True
a2586b3a,0.006497811,0,0,True
a29c4aa7,0.00946746,0,0,True
a2b8855e,0.006120585,0,0,True
a30c3204,0.005945602,0,0,True
a31b6995,0.006965372,0,0,True
a38951cc,0.006308064,0,0,True
a408aa83,0.0064219655,0,0,True
a41f347b,0.17109446,0,0,True
a46866b8,0.0062081134,0,0,True
a47cee9d,0.039557762,0,0,True
a4a1c088,0.011276899,0,0,True
a5639578,0.0060172444,0,0,True
a588a1eb,0.0063510397,0,0,True
a58a4579,0.007073842,0,0,True
a5a50bf5,0.0060925097,0,0,True
a5c3c7a1,0.0060520414,0,0,True
a5fd6487,0.00626048,0,0,True
a623a791,0.010228128,0,0,True
a648260a,0.0062212986,0,0,True
a6bb33d4,0.007722782,0,0,True
a6caadbf,0.006724502,0,0,True
a6d8aa63,0.015067031,0,0,True
a6e745be,0.006691488,0,0,True
a7153c9e,0.0065465174,0,0,True
a7697a67,0.006908047,0,0,True
a79df0df,0.009005905,0,0,True
a7b60ae0,0.0064716465,0,0,True
a7b9ddde,0.0061108232,0,0,True
a7c36e53,0.006769437,0,0,True
a875b631,0.006506433,0,0,True
a884176f,0.0064541143,0,0,True
a8f57f7a,0.006246271,0,0,True
a9453137,0.008051565,0,0,True
a94d28b0,0.0062912735,0,0,True
a96f1054,0.006175064,0,0,True
a98fb39a,0.007994028,0,0,True
a9958d0c,0.006594721,0,0,True
a9d627af,0.0060689994,0,0,True
aa0b24ef,0.005988718,0,0,True
aa17891a,0.0067242756,0,0,True
aa3115a0,0.0060997703,0,0,True
aa3d7e4a,0.0067933183,0,0,True
aa458fc2,0.012066302,0,0,True
ab659f57,0.0060241846,0,0,True
ab70ea22,0.0060380134,0,0,True
ab8408b2,0.007053722,0,0,True
abaf4275,0.006894883,0,0,True
abc50402,0.006065575,0,0,True
ac0036c3,0.005899846,0,0,True
ac0526d7,0.005922043,0,0,True
ac0cd708,0.007823547,0,0,True
ac1cafcd,0.006524508,0,0,True
ac4e7c45,0.026644219,0,0,True
ac83dc0a,0.006082732,0,0,True
ac8817fe,0.022105705,0,0,True
acc29d2d,0.0062227547,0,0,True
acd6b682,0.006289604,0,0,True
ad11c165,0.006466761,0,0,True
ad19eca7,0.015731491,0,0,True
ad1dac3c,0.0059960457,0,0,True
ad607532,0.0062841433,0,0,True
ad916303,0.006422635,0,0,True
adc67150,0.017019115,0,0,True
add2a7df,0.0061344923,0,0,True
ae0dcc3b,0.0060938876,0,0,True
ae289cee,0.006040607,0,0,True
ae411914,0.018339118,0,0,True
ae953e74,0.0060624047,0,0,True
aed17226,0.00827418,0,0,True
aee5bc2a,0.0060028075,0,0,True
aefc92f2,0.006173765,0,0,True
af02afd3,0.005694435,0,0,True
af202eef,0.0063842176,0,0,True
af37ecf5,0.006039948,0,0,True
af473dfd,0.26953605,0,0,True
afe7cdd4,0.005871865,0,0,True
b0022775,0.006058728,0,0,True
b0063d4f,0.0068452363,0,0,True
b01755f7,0.015991699,0,0,True
b075087f,0.0061372314,0,0,True
b07f65ef,0.016222281,0,0,True
b08b6efc,0.0057243,0,0,True
b0a2f554,0.006582749,0,0,True
b0ad7b7c,0.008169982,0,0,True
b0aeae9f,0.00677512,0,0,True
b0b00a3a,0.006058484,0,0,True
b0bffeb4,0.0073409844,0,0,True
b0e2843d,0.006163019,0,0,True
b13c2e75,0.0060151056,0,0,True
b17d7372,0.0063763037,0,0,True
b19967ba,0.0059638754,0,0,True
b1c850fc,0.0071962913,0,0,True
b1cb903e,0.0064912518,0,0,True
b1d6c993,0.012500419,0,0,True
b1fdbd7d,0.0060920427,0,0,True
b221129e,0.0073615317,0,0,True
b25c98bc,0.006671541,0,0,True
b27a7e15,0.0062735043,0,0,True
b298e3d9,0.0059446213,0,0,True
b3029b5b,0.01059276,0,0,True
b3532869,0.008592709,0,0,True
b3648fb0,0.0060016527,0,0,True
b3853076,0.0058497996,0,0,True
b423a3d1,0.00633812,0,0,True
b45bb9d6,0.00764319,0,0,True
b48ad4cc,0.011192508,0,0,True
b4980580,0.0058996114,0,0,True
b4ad8680,0.0062126163,0,0,True
b51f84de,0.006132167,0,0,True
b58188af,0.0059558637,0,0,True
b58e41eb,0.008516717,0,0,True
b59299af,0.006144638,0,0,True
b5adff36,0.0060639824,0,0,True
b695cfaa,0.0066568437,0,0,True
b698e899,0.006164953,0,0,True
b6aa5fd9,0.0065962463,0,0,True
b6ec786f,0.0060962276,0,0,True
b6f52b09,0.005885126,0,0,True
b76bf3cf,0.0064304788,0,0,True
b76c7cde,0.006535855,0,0,True
b79e92c1,0.008754223,0,0,True
b7a92ebc,0.005986098,0,0,True
b7f715b9,0.0059307236,0,0,True
b8124f89,0.006418121,0,0,True
b825ae1c,0.011199603,0,0,True
b8698450,0.006260023,0,0,True
b877294e,0.00621284,0,0,True
b89252de,0.0061468654,0,0,True
b8e637b4,0.0064489674,0,0,True
b8fdb507,0.01486654,0,0,True
b9229a95,0.0061222822,0,0,True
b9246a43,0.012673981,0,0,True
b946d207,0.0062681795,0,0,True
b94ea1e3,0.008970135,0,0,True
b9b58079,0.005861978,0,0,True
b9c23f5d,0.006333485,0,0,True
ba31c1dd,0.0058330796,0,0,True
ba58f9e5,0.006168708,0,0,True
bab943b4,0.005885165,0,0,True
baf8d484,0.0059066745,0,0,True
bb187d54,0.0062207617,0,0,True
bb5166e7,0.0059249634,0,0,True
bb69c8f1,0.005901217,0,0,True
bba147cf,0.0062194737,0,0,True
bbf35643,0.008190865,0,0,True
bc749273,0.006387567,0,0,True
bc77d834,0.017994339,0,0,True
bc857771,0.0062056636,0,0,True
bd50cf72,0.0073250043,0,0,True
bd86183a,0.00591867,0,0,True
bd9f22f7,0.08064856,0,0,True
be0547ba,0.0128033925,0,0,True
bed52766,0.006734452,0,0,True
bedc5a2a,0.0074504316,0,0,True
bf0d9e83,0.0059547005,0,0,True
bf33bb7f,0.0072602206,0,0,True
bf9968d8,0.0059989677,0,0,True
bfe1f62c,0.0058820667,0,0,True
bff0a2e2,0.006038638,0,0,True
c0014379,0.0062061665,0,0,True
c0192f48,0.0077077383,0,0,True
c03c0d45,0.0062137,0,0,True
c0968fc0,0.0062145893,0,0,True
c0f1a3b8,0.005908433,0,0,True
c12cf8ad,0.0061209965,0,0,True
c1400407,0.06870383,0,0,True
c14e2581,0.007351552,0,0,True
c168b452,0.005863545,0,0,True
c174a794,0.006729418,0,0,True
c193f1aa,0.01118508,0,0,True
c1df21f6,0.0074461624,0,0,True
c24a8b22,0.006186956,0,0,True
c2c66921,0.0109637175,0,0,True
c3014be8,0.005920881,0,0,True
c30881b5,0.02911001,0,0,True
c3b1bbab,0.006053071,0,0,True
c3c17135,0.009493525,0,0,True
c3e2e9e5,0.009963165,0,0,True
c4816e09,0.0061426726,0,0,True
c4f8d0e6,0.0060527064,0,0,True
c54eb14d,0.0077520334,0,0,True
c5c0a23a,0.006236118,0,0,True
c5e341ba,0.008440314,0,0,True
c5fcad85,0.0108465655,0,0,True
c61b2b81,0.0064544384,0,0,True
c6ef94f2,0.006118282,0,0,True
c71d940b,0.006364496,0,0,True
c72e0e15,0.006482939,0,0,True
c72e64e1,0.0090923635,0,0,True
c74af9cf,0.006225005,0,0,True
c7c1cf69,0.008028698,0,0,True
c7cee2f0,0.006943331,0,0,True
c7f747cb,0.006089046,0,0,True
c8505f9b,0.008612709,0,0,True
c88db4ed,0.0072556543,0,0,True
c8a6cc20,0.005988161,0,0,True
c8b89dd4,0.0063611227,0,0,True
c8c72ecb,0.005963332,0,0,True
c912a6c3,0.007578285,0,0,True
c9148c88,0.012440628,0,0,True
c9401097,0.0058578337,0,0,True
c973d4d8,0.007818178,0,0,True
c9d4dbc6,0.0065077953,0,0,True
c9fdddd7,0.010993063,0,0,True
ca8de10c,0.006143703,0,0,True
ca99f3b0,0.0058890195,0,0,True
cab59ae3,0.005844314,0,0,True
cad31d61,0.009536699,0,0,True
cb2a22f1,0.006133902,0,0,True
cba3c89f,0.0057861847,0,0,True
cbc48dd7,0.05374862,0,0,True
cc01c188,0.0060968776,0,0,True
cc1dca35,0.0062703723,0,0,True
cd3b5043,0.006432825,0,0,True
cd53e658,0.0058978363,0,0,True
cdaca6e3,0.005872096,0,0,True
cdaeefd2,0.0065475814,0,0,True
cdd4cfac,0.00603654,0,0,True
ce58dd81,0.005981274,0,0,True
ce9859aa,0.006366333,0,0,True
cecf6e5e,0.0062072044,0,0,True
cef0572a,0.006333707,0,0,True
cf290550,0.0059500504,0,0,True
cf388f90,0.031350773,0,0,True
cf586efc,0.006252481,0,0,True
cf8af518,0.0060252063,0,0,True
d0304441,0.006094855,0,0,True
d043ff9f,0.0060970886,0,0,True
d0760e0d,0.0060665985,0,0,True
d08837f7,0.0059988997,0,0,True
d099a399,0.00931073,0,0,True
d1256f6a,0.0057809507,0,0,True
d168e4bc,0.006259412,0,0,True
d1737074,0.011525427,0,0,True
d1b16de9,0.0063583627,0,0,True
d1b21f5d,0.012122471,0,0,True
d1db77f2,0.0077420045,0,0,True
d1e52301,0.0059432746,0,0,True
d2011c49,0.008828592,0,0,True
d30cce81,0.01814375,0,0,True
d33eca96,0.0060573956,0,0,True
d3c0d00b,0.0069612795,0,0,True
d3c1862d,0.0070193424,0,0,True
d3e4cb70,0.0064230217,0,0,True
d40306da,0.010989778,0,0,True
d4b3d8d2,0.0071931747,0,0,True
d4c08431,0.0059533487,0,0,True
d5519d77,0.006008592,0,0,True
d55ac878,0.006069986,0,0,True
d5b141f7,0.009575563,0,0,True
d5d24a91,0.008575336,0,0,True
d6164eb0,0.006022123,0,0,True
d664b503,0.005755363,0,0,True
d6a0c52d,0.0062662964,0,0,True
d6b239a0,0.021447456,0,0,True
d6ec0481,0.008974552,0,0,True
d75614ca,0.0060025747,0,0,True
d7767e99,0.0062004696,0,0,True
d7cd4e28,0.0060856934,0,0,True
d7ea0f02,0.007166292,0,0,True
d7f8824d,0.006126061,0,0,True
d804d5a7,0.0062347944,0,0,True
d828e6e6,0.00614166,0,0,True
d839e553,0.006174169,0,0,True
d851fa71,0.006184069,0,0,True
d892cac6,0.006666562,0,0,True
d8c47874,0.016270934,0,0,True
d90606d4,0.0057002697,0,0,True
d91f9026,0.010819423,0,0,True
d92d0eec,0.0128048565,0,0,True
d93a75cd,0.009865271,0,0,True
d97e8ec5,0.0060808617,0,0,True
d981ee62,0.005917556,0,0,True
da14ac70,0.007325448,0,0,True
da2f84c5,0.006234842,0,0,True
da4bc18a,0.0060431957,0,0,True
da7e0507,0.007534408,0,0,True
dae50a19,0.0060687866,0,0,True
daf3cd80,0.01115537,0,0,True
db0db52b,0.007927314,0,0,True
db3a2405,0.006349433,0,0,True
db9ed340,0.0062328745,0,0,True
dbf85434,0.005971892,0,0,True
dc29cc30,0.006054738,0,0,True
dc4a3c05,0.015777193,0,0,True
dc6f7cfd,0.006178823,0,0,True
dc8abe3c,0.0061674602,0,0,True
dd05e305,0.020713747,0,0,True
dd307e45,0.0062809344,0,0,True
dd80bd6f,0.009158668,0,0,True
dda8b46c,0.010943261,0,0,True
de9eb4c2,0.00837528,0,0,True
dea147b0,0.0061828564,0,0,True
deb50259,0.0072014583,0,0,True
df0ceb07,0.0064502447,0,0,True
df295c36,0.007087755,0,0,True
df50e792,0.007815064,0,0,True
df53de90,0.005755052,0,0,True
dfa5046f,0.0071358634,0,0,True
dfb68b55,0.0061141634,0,0,True
dfd26028,0.018411003,0,0,True
e05c55e4,0.005945988,0,0,True
e086da7a,0.006163983,0,0,True
e0b8e387,0.0059999772,0,0,True
e0dbb2e7,0.005963089,0,0,True
e10c11f8,0.008649684,0,0,True
e1cf4688,0.006241457,0,0,True
e1f70522,0.005696098,0,0,True
e223d6c8,0.008069721,0,0,True
e295c323,0.006711793,0,0,True
e2aa5882,0.006316337,0,0,True
e31a8dd3,0.0061071403,0,0,True
e364803a,0.0063265357,0,0,True
e36b32ec,0.007520344,0,0,True
e37ebd0e,0.0066362796,0,0,True
e38718b0,0.0067359135,0,0,True
e41a5641,0.008084097,0,0,True
e43869b8,0.0059114695,0,0,True
e441c1b3,0.006265516,0,0,True
e495cc9c,0.0061093955,0,0,True
e4a5be91,0.0058228406,0,0,True
e4b1ed5f,0.00649562,0,0,True
e4ede3f4,0.0062186928,0,0,True
e4eef26b,0.006299727,0,0,True
e579884d,0.0058895242,0,0,True
e5db6f6f,0.006275354,0,0,True
e5dcf622,0.0058283005,0,0,True
e5edee6d,0.015059643,0,0,True
e5fc3379,0.009641221,0,0,True
e6083fb1,0.028994506,0,0,True
e6ab67c2,0.0060027563,0,0,True
e6b801c0,0.00794579,0,0,True
e72da7e1,0.013668949,0,0,True
e755887f,0.0058145076,0,0,True
e7b0c7c2,0.006069063,0,0,True
e7c565f3,0.0060775657,0,0,True
e80c3cb7,0.0062238225,0,0,True
e84031bb,0.0074862265,0,0,True
e86094fd,0.0059882323,0,0,True
e88f87d4,0.006078894,0,0,True
e8a65671,0.006079801,0,0,True
e8d8fc03,0.006245943,0,0,True
e91e410f,0.006323937,0,0,True
e96c53a6,0.01360641,0,0,True
e9bab566,0.023734475,0,0,True
e9dc0fe8,0.00604674,0,0,True
ea2a47a6,0.006382639,0,0,True
ea641ffa,0.0069487984,0,0,True
ea646886,0.0066245804,0,0,True
ea75780c,0.0065099606,0,0,True
ea76ab44,0.015013951,0,0,True
eab0f598,0.006572952,0,0,True
eacdc030,0.11780381,0,0,True
eaddf4b3,0.006279949,0,0,True
eae6d838,0.005977802,0,0,True
eaea47df,0.0059750825,0,0,True
eaf07620,0.00624747,0,0,True
eafb8a56,0.033788074,0,1,False
eb04c94b,0.006093111,0,0,True
eb393a7d,0.00703515,0,0,True
eb3f60b7,0.006606277,0,0,True
eb57ebf5,0.0060809194,0,0,True
eba2167f,0.0064029233,0,0,True
ec05cd67,0.0061375685,0,0,True
ec6a9f5e,0.0058793435,0,0,True
ec84cc10,0.4275744,0,0,True
ecddd8fc,0.006998001,0,0,True
ecf3d6e9,0.005836717,0,0,True
ed32d7df,0.005938524,0,0,True
ed465f1f,0.006198848,0,0,True
ed6ef02f,0.011007443,0,0,True
ed842ad6,0.00608392,0,0,True
ed8b9c7d,0.006173338,0,0,True
edf53a65,0.0060189446,0,0,True
edfefc3f,0.006299954,0,0,True
ee182803,0.006588133,0,0,True
ee6fb060,0.005925955,0,0,True
ee7058bb,0.0071866843,0,0,True
ee82f80b,0.0059140706,0,0,True
ee8bf6ec,0.007179543,0,0,True
eea41775,0.0061246823,0,0,True
ef102c65,0.007461092,0,0,True
ef3f271c,0.0058164843,0,0,True
ef4be617,0.0062490096,0,0,True
efad7d63,0.0060573155,0,0,True
efbb5fe0,0.0059971083,0,0,True
efde5095,0.0068053813,0,0,True
efead874,0.0061194333,0,0,True
eff68a37,0.006041013,0,0,True
f01dd0a6,0.0069008013,0,0,True
f02edaa2,0.00896693,0,0,True
f0702926,0.0066244868,0,0,True
f08a38d0,0.0064382884,0,0,True
f11e79aa,0.006571259,0,0,True
f163880a,0.012700614,0,0,True
f196a650,0.018060734,0,0,True
f1b6e26f,0.0058381585,0,0,True
f1c0d653,0.0061921068,0,0,True
f236e103,0.005927986,0,0,True
f24770eb,0.0060135038,0,0,True
f2a9ab37,0.0059554004,0,0,True
f2bb2a2c,0.006084246,0,0,True
f2e7f48f,0.0063728583,0,0,True
f3242ac2,0.013346757,0,0,True
f330a61e,0.0068775867,0,0,True
f33e86b9,0.0059846514,0,0,True
f3665201,0.0061610686,0,0,True
f3914f7c,0.006137615,0,0,True
f3aeee4f,0.0072836033,0,0,True
f3da843e,0.006150208,0,0,True
f3fd1c22,0.006150033,0,0,True
f404b91b,0.006183665,0,0,True
f404cd3c,0.006019869,0,0,True
f4574b76,0.0062108976,0,0,True
f477cd3e,0.0099093085,0,0,True
f481569d,0.009177801,0,0,True
f4a87fe8,0.016205844,0,0,True
f4b73d81,0.0062523447,0,0,True
f4ba4463,0.0063207406,0,0,True
f4e2f1f1,0.0068728067,0,0,True
f50c4179,0.005795719,0,0,True
f58c4ca3,0.006101901,0,0,True
f5bcc147,0.0065934155,0,0,True
f5ca1a82,0.0072888494,0,0,True
f6410879,0.006150013,0,0,True
f64490e0,0.010717903,0,0,True
f6513b25,0.0059564025,0,0,True
f71c4319,0.0064405124,0,0,True
f73a8f61,0.0064280783,0,0,True
f75aa25f,0.0058131954,0,0,True
f7aa848d,0.0061484273,0,0,True
f7e59043,0.006327048,0,0,True
f81d371d,0.0065074814,0,0,True
f837fc25,0.005938583,0,0,True
f851beaf,0.0066394014,0,0,True
f8b08dd6,0.00959486,0,0,True
f8c16bbe,0.00870256,0,0,True
f8d39454,0.009965748,0,0,True
f8d5548a,0.005994528,0,0,True
f8d57f7a,0.016333576,0,0,True
f8ebb15e,0.0070034005,0,0,True
f8f33a50,0.005912966,0,0,True
f92a4a6e,0.0063912966,0,0,True
f931cc1f,0.014764848,0,0,True
f9748d3d,0.0057884757,0,0,True
f980c599,0.006685893,0,0,True
fae8be6d,0.0059212795,0,0,True
fafc5912,0.0059712688,0,0,True
fb2d565c,0.006002512,0,0,True
fb2f4bcf,0.0062611564,0,0,True
fb5f8fd3,0.0058309534,0,0,True
fc157f72,0.006057769,0,0,True
fc323feb,0.00650309,0,0,True
fc45980a,0.006851489,0,0,True
fc66a299,0.0064658974,0,0,True
fc66f374,0.007030828,0,0,True
fcb87d59,0.0068449704,0,0,True
fcc3f3b4,0.017029347,0,0,True
fcc646a2,0.0062315813,0,0,True
fcd93e2d,0.013348509,0,0,True
fcebd471,0.0058080964,0,0,True
fcfe84cb,0.0059220204,0,0,True
fd15fd9c,0.0070813755,0,0,True
fd38dd0b,0.009493884,0,0,True
fdc74a07,0.005943241,0,0,True
fe134dfe,0.0075026765,0,0,True
fe3724b4,0.0064249393,0,0,True
fe5b0a93,0.0059145587,0,0,True
fe6ff9a5,0.0075654495,0,0,True
ff669174,0.0059559513,0,0,True
ffa247e0,0.01620707,0,0,True
ffc237e9,0.0058400994,0,0,True
ffe1ca0d,0.0064453324,0,0,True
